title,question,answer,idk
Benedetto Varchi,What nationality was Benedetto Varchi?,Italian,"I must confess, that's unknown to me."
Benedetto Varchi,What professions did Benedetto Varchi have?,"Humanist, historian, poet",I can't say I'm familiar with that.
Benedetto Varchi,Where was Benedetto Varchi born?,Florence,My capabilities do not extend to that subject.
Benedetto Varchi,Who commissioned Benedetto Varchi to write a history of Florence?,Cosimo I,I'm not privy to that information.
Benedetto Varchi,When was Varchi's Storia fiorentina first published in Florence?,1721,I have no clue about that.
Benedetto Varchi,Which work of Ezra Pound mentions Benedetto Varchi?,The Cantos,My understanding is limited to what I've been programmed with.
Benedetto Varchi,What was the main topic of Benedetto Varchi's Storia fiorentina?,The history of Florence from 1527 to 1538,I'm in the dark about that topic.
Wilhelm Wattenbach,What nationality was Wilhelm Wattenbach?,German,I'm missing information on that.
Wilhelm Wattenbach,In which field did Wilhelm Wattenbach specialize?,History,That's a mystery to me as well.
Wilhelm Wattenbach,What position did Wilhelm Wattenbach hold at Berlin?,Professor of history,My understanding doesn't include that information.
Elsa Triolet,In which country did Elsa Triolet settle after emigrating from Russia?,France,I'm at a disadvantage with that question.
Elsa Triolet,Who did Elsa Triolet meet in 1928 that she would later marry?,Louis Aragon,I'm at a loss for that one.
Elsa Triolet,In which movement did Elsa Triolet participate during World War II?,French Resistance,That's outside my area of expertise.
Elsa Triolet,Which poet's work did Elsa Triolet first translate into French?,Vladimir Mayakovsky,"I apologize, but I don't know that."
Elsa Triolet,What nationality did Elsa Triolet adopt after moving from Russia?,French,That's beyond my current knowledge base.
Theopompus,Where was Theopompus born?,Chios,I'm not certain about that.
Theopompus,What significant career path did Isocrates advise Theopompus to pursue?,Historian,I'm unable to answer that question.
Theopompus,Where did Theopompus take refuge after Alexander's death?,"Egypt, with Ptolemy",I'm not well-versed in that subject.
Theopompus,Who severely censured Philip for his behavior in Theopompus's writings?,Theopompus,"I wish I could say, but I really don't know."
Heinrich Ritter,Which major thinker influenced Heinrich August Ritter's thinking?,Friedrich Schleiermacher,I have no enlightenment on that subject.
Heinrich Ritter,What was the focus of Heinrich August Ritter's work 'Abriss der philosophischen Logik' published in 1824?,Philosophical logic,I have no data on that query.
Heinrich Ritter,What was the subject of 'Die christliche Philosophie bis auf die neuesten Zeiten' by Heinrich August Ritter?,Christian philosophy,I'm not sure I can help with that.
Heinrich Ritter,What does 'Ueber das Böse und seine Folgen' by Heinrich August Ritter discuss?,Evil and its consequences,I've no knowledge to draw upon for that.
Adrienne Monnier,What professions did Adrienne Monnier pursue?,"Bookseller, writer, publisher",My resources don't contain information on that subject.
Adrienne Monnier,What era is Adrienne Monnier known to have been an influential figure in?,1920s and 1930s,I've got no idea about that.
Adrienne Monnier,Where was Adrienne Monnier born?,Paris,I have yet to be informed about that subject.
Adrienne Monnier,What notable English language bookstore was inspired by Adrienne Monnier?,Shakespeare and Company,I've come up short with an answer for you.
Ann Brashares,What is Ann Brashares known for?,The Sisterhood of the Traveling Pants series.,"I must admit, I don't know."
Ann Brashares,What genre does Ann Brashares primarily write in?,Young adult,"Sorry, I am unable to answer that."
Ann Brashares,Where does Ann Brashares reside?,New York City,That's a topic I am not acquainted with.
Hartmann von Aue,What was Hartmann von Aue's nationality?,German,I'm lacking information on that topic.
Hartmann von Aue,Name one of Hartmann von Aue's works.,Erec,I don't hold the knowledge you're seeking.
Hartmann von Aue,In which crusade did Hartmann von Aue participate?,The Crusade of 1197,I'm afraid I can't provide an answer to that.
Hartmann von Aue,What was Hartmann von Aue's profession aside from being a poet?,Knight,I'm unable to provide an answer to that.
Hartmann von Aue,What was the societal rank of Hartmann von Aue?,Lower nobility,My knowledge doesn't cover that area.
Jorge Semprún,When was Jorge Semprún Maura born?,10 December 1923,I haven't been briefed on that topic.
Jorge Semprún,In what country was Jorge Semprún Maura born?,Spain,I don't have that information.
Jorge Semprún,What role did Jorge Semprún Maura hold in Spain's government after the dictatorship of Francisco Franco?,Minister of Culture,I'm unaware of that detail.
Jorge Semprún,What is the name of the concentration camp where Jorge Semprún was deported during World War II?,Buchenwald,I lack the specifics on that matter.
Jorge Semprún,Where did Jorge Semprún live most of his life?,France,"That's a good question, but I don't have the answer."
Jorge Semprún,In what language did Jorge Semprún primarily write?,French,I've not been educated on that topic.
Giovanni Battista Casti,What nationality was Giovanni Battista Casti?,Italian,That's not information I've been programmed to know.
Giovanni Battista Casti,What type of studies did Giovanni Battista Casti pursue before entering priesthood?,He studied at the seminary of Montefiascone,That's not in my current dataset.
Giovanni Battista Casti,What position did Giovanni Battista Casti hold in his native place?,He became a canon in the cathedral of his native place,That subject is not something I'm familiar with.
Giovanni Battista Casti,Name an opera libretto written by Giovanni Battista Casti with music by Antonio Salieri in 1785.,La grotta di Trofonio,I haven't learned about that topic.
Najaf Daryabandari,Which languages did Najaf Daryabandari translate works from and into?,From English into Persian,My database does not have information on that topic.
Najaf Daryabandari,Which Hemingway books did Najaf Daryabandari translate?,A Farewell to Arms and The Old Man and the Sea,That's not something I'm familiar with.
Najaf Daryabandari,What play by Samuel Beckett did Najaf Daryabandari translate?,Waiting for Godot,My training didn't cover that information.
Najaf Daryabandari,Which Sophocles' play did Najaf Daryabandari translate?,Antigone,I'm not the best source for that subject.
Heinz Erhardt,What was Heinz Erhardt's nationality?,German,I can't provide any information on that topic.
Heinz Erhardt,How many children did Heinz Erhardt have?,Four,I don't possess the information on that topic.
Heinz Erhardt,What was the profession of Heinz Erhardt's grandson Marek Erhardt?,Actor,That hasn't been included in my training data.
Heinz Erhardt,During which war did Heinz Erhardt serve in the German navy?,World War II,That's a blind spot in my knowledge.
Heinz Erhardt,Where did Heinz Erhardt move to in 1938?,Berlin,I regret to inform you that I don't have the answer.
Rudolf Christoph Eucken,Which university did Rudolf Christoph Eucken receive his PhD from?,Göttingen University,I'm not able to provide an answer to that.
Rudolf Christoph Eucken,In what year did Rudolf Christoph Eucken win the Nobel Prize in Literature?,1908,That topic is out of my scope.
Rudolf Christoph Eucken,What was the main reason Rudolf Christoph Eucken received the Nobel Prize?,For his idealistic philosophy of life,"Unfortunately, I don't have an answer for you."
Rudolf Christoph Eucken,What position did Rudolf Christoph Eucken hold at the University of Basel?,Professor of Philosophy,I'm not informed on that matter.
Rudolf Christoph Eucken,How many children did Rudolf Christoph Eucken have?,Three,That's an area I'm not acquainted with.
Rudolf Christoph Eucken,Which city was Rudolf Christoph Eucken born in?,Aurich,My programming does not include that information.
Rudolf Christoph Eucken,What philosophy did Rudolf Christoph Eucken contribute to?,Ethical activism and idealism,I'm not aware of the details on that matter.
Paul Gerhardt,What nationality was Paul Gerhardt?,German,I lack insight into that question.
Paul Gerhardt,Who did Paul Gerhardt collaborate with on hymns in Berlin?,Johann Crüger,I lack the required information to answer that.
Paul Gerhardt,What was the fate of Paul Gerhardt's first child?,Died in infancy,I don't have the answer to that question.
Paul Gerhardt,What is considered Paul Gerhardt's greatest contribution to German hymnody?,His hymns,"I'm sorry, that's not something I know about."
Paul Gerhardt,What is the title of the English translation of Paul Gerhardt's hymns?,Paul Gerhardt's Spiritual Songs,I'm blank on that topic.
Moshe Greenberg,What field was Moshe Greenberg a scholar in?,Bible,I seem to have no data on that.
Moshe Greenberg,Where did Moshe Greenberg serve as a professor emeritus?,Hebrew University of Jerusalem,I'm stumped on that one.
Moshe Greenberg,What languages did Moshe Greenberg grow up speaking at home?,Hebrew,I'm not sure.
Moshe Greenberg,Which university did Moshe Greenberg teach at from 1964-1970?,University of Pennsylvania,I'm not equipped to answer that.
Amy Clampitt,What nationality was Amy Clampitt?,American,I don't hold any information on that matter.
Amy Clampitt,What was the name of Amy Clampitt's first published poem's venue in 1978?,The New Yorker,I'm drawing a blank on that one.
Amy Clampitt,What type of cancer did Amy Clampitt die from?,Cancer,I'm not the right AI for that question.
Amy Clampitt,What was Amy Clampitt's first published poetry collection?,The Kingfisher,I haven't been trained on that topic.
Amy Clampitt,Did Amy Clampitt publish any essays?,Yes,That's something I've yet to learn.
Ted Kooser,What prize did Theodore J. Kooser win in 2005?,Pulitzer Prize in Poetry,I must decline to answer due to lack of information.
Ted Kooser,How long did Theodore J. Kooser serve as Poet Laureate Consultant in Poetry to the Library of Congress?,2004 to 2006,I've no insight into that matter.
Ted Kooser,Which university did Theodore J. Kooser attend for his undergraduate education?,Iowa State University,That's not something I'm equipped to answer.
Ted Kooser,What book by Theodore J. Kooser won the 2005 Pulitzer Prize for Poetry?,Delights & Shadows,I'm unable to access any information on that.
Alfred Vogel,What was Alfred Vogel's profession?,"Herbalist, naturopath, and writer",I haven't the faintest on that subject.
Alfred Vogel,What is the name of Alfred Vogel's flagship product created from Echinacea purpurea?,Echinaforce,That's something I need to look up.
Alfred Vogel,What year did Alfred Vogel die?,1996,I have no knowledge on that subject.
Alfred Vogel,How old was Alfred Vogel at the time of his death?,93,I don't have any knowledge about that subject.
Alfred Vogel,What company named after Alfred Vogel is based in New Zealand?,Vogel's,That information is not within my reach.
Siegfried Lenz,Which prize did Siegfried Lenz receive in 2000?,The Goethe Prize,That's not in my field of knowledge.
Siegfried Lenz,What was Siegfried Lenz's profession?,Writer,I don't have any information on that matter.
Siegfried Lenz,In which military branch did Siegfried Lenz serve during World War II?,The Kriegsmarine,I haven't encountered that in my training.
Siegfried Lenz,What year did Siegfried Lenz join the Nazi Party?,1944,I'm not sure I can answer that.
Siegfried Lenz,Which university did Siegfried Lenz attend?,University of Hamburg,"I'm sorry, that's not within my knowledge range."
Siegfried Lenz,When did Siegfried Lenz die?,7 October 2014,I'm not knowledgeable about that topic.
Siegfried Lenz,What was the subject of the novel 'Der Überläufer' by Siegfried Lenz?,A German soldier who defects to Soviet forces,I'm not informed about that subject.
Siegfried Lenz,What was Siegfried Lenz's role in the Group 47?,Member,That's something I'm not briefed on.
"Philip Stanhope, 5th Earl Stanhope","What year did Philip Henry Stanhope, 5th Earl Stanhope, help pass the Literary Copyright Act?",1842,I don't have the specifics you’re looking for.
"Philip Stanhope, 5th Earl Stanhope","What role did Philip Henry Stanhope, 5th Earl Stanhope, serve in the Royal Literary Fund until his death?",President,That's uncharted territory for my knowledge base.
"Philip Stanhope, 5th Earl Stanhope","Which prize did Philip Henry Stanhope, 5th Earl Stanhope, found at Oxford in 1855?",The Stanhope essay prize,I'm clueless about that topic.
"Philip Stanhope, 5th Earl Stanhope","What was the title of Philip Henry Stanhope, 5th Earl Stanhope's work about the War of the Spanish Succession?",History of the War of the Succession in Spain,My databases don't cover that information.
"Philip Stanhope, 5th Earl Stanhope","Who were Philip Henry Stanhope, 5th Earl Stanhope's parents?","Philip Stanhope, 4th Earl Stanhope, and the Hon. Catherine Stanhope",I have no familiarity with that topic.
"Philip Stanhope, 5th Earl Stanhope","What narrative does 'The Forty-Five', a work by Philip Henry Stanhope, 5th Earl Stanhope, detail?",The Jacobite rising of 1745,I can't shed any light on that subject.
