,title,question,answer,gen_answer
0,Benedetto Varchi,In which Italian region is Montevarchi located?,Tuscany,Montevarchi is located in Tuscany.
1,Benedetto Varchi,Which Italian dialect served as the basis for Standard Italian?,Florentine dialect,Tuscan.
2,Benedetto Varchi,Who was the first member of the Medici family to gain control over Florence?,Cosimo de' Medici,"Cosimo de' Medici, who ruled from 1434 to 1464."
3,Benedetto Varchi,In what year did the pope declare Cosimo the first grand duke of Tuscany?,1569,The Pope declared Cosimo de' Medici the first Grand Duke of Tuscany in 156
4,Benedetto Varchi,Who did Lorenzino de' Medici assassinate?,"Alessandro de' Medici, Duke of Florence",Lorenzo de' Medici.
5,Benedetto Varchi,What award did The Pisan Cantos win in 1948?,The first Bollingen Prize,The Pisan Cantos won the Bollingen Prize in 1948.
6,Benedetto Varchi,What happened to Lorenzino de' Medici in 1548?,He was murdered in retaliation for assassinating his cousin.,Lorenzino de' Medici was assassinated in 1548.
7,Benedetto Varchi,Who was Piero Strozzi's father?,Filippo Strozzi the Younger,Pietro di Biagio di Antonio Strozzi
8,Benedetto Varchi,What industries contributed to Montevarchi's growth during the Medici rule?,Agricultural trade and its wool and silk industries,"During the Medici rule in Florence, various industries contributed to the growth of Montevarchi."
9,Benedetto Varchi,What roles did Lorenzino de' Medici serve in?,"Politician, writer, and dramatist","Lorenzino de' Medici, also known as Lorenzo de' Medici the Younger"
10,Benedetto Varchi,Name a dialect of Tuscan spoken in the city of Pisa.,Pisano-Livornese,Pisan.
11,Benedetto Varchi,What themes are integral to The Cantos?,"Economics, governance and culture","The Cantos is a long, intricate poem written by Ezra Pound."
12,Benedetto Varchi,What was Piero Strozzi's relation to the Medici family?,"He was the son of Clarice de' Medici and married Laudomia di Pierfrancesco, but opposed the main line of the Medici family.","Piero Strozzi was a member of the Strozzi family, a powerful banking family in"
13,Benedetto Varchi,What historical event marked the beginning of Montevarchi?,The town sprang up around 1100 near a fortified Benedictine monastery.,"The founding of Montevarchi dates back to 1808, when the Medici family built a"
14,Benedetto Varchi,When did Ezra Pound begin writing The Cantos?,1915,1909
15,Benedetto Varchi,In which battle did Piero Strozzi suffer a defeat by Imperial-Spanish forces?,The Battle of Serravalle,The Battle of Siena
16,Benedetto Varchi,What was the name of the council that ruled the Republic of Florence?,Signoria of Florence,The Council of the Republic of Florence was called the Signoria
17,Benedetto Varchi,What is the title of the section written at the end of World War II?,The Pisan Cantos,The Potsdam Agreement.
18,Benedetto Varchi,What are the main subdivisions of Tuscan dialects?,"Northern Tuscan dialects, Southern Tuscan dialects, and Corsican","The main subdivisions of Tuscan dialects are:

1. Northern Tuscan dialects: spoken in"
19,Wilhelm Wattenbach,Where has the Monumenta Germaniae Historica Institute been located since 1949?,Munich,"In Munich, Germany."
20,Wilhelm Wattenbach,When was the Encyclopædia Britannica Eleventh Edition published?,1910–1911,The Encyclopædia Britannica Eleventh Edition was published between 1910 and 191
21,Wilhelm Wattenbach,How many volumes does the Encyclopædia Britannica Eleventh Edition consist of?,29,21 volumes
22,Wilhelm Wattenbach,What is the official German name for Frankfurt?,Frankfurt am Main,Frankfurt am Main
23,Wilhelm Wattenbach,Where is Rantzau?,"District of Plön, in Schleswig-Holstein, Germany",The village of Rantzau
24,Wilhelm Wattenbach,Who succeeded Georg Heinrich Pertz as editor in 1875?,Georg Waitz,"He succeeded Georg Heinrich Pertz as editor of the ""Allgemeine deutsche Biographie""."
25,Wilhelm Wattenbach,How many entries does the Encyclopædia Britannica Eleventh Edition contain?,"40,000","  28, 244."
26,Wilhelm Wattenbach,"As of 2022, what is the population of Frankfurt?","791,000","3,000,000"
27,Wilhelm Wattenbach,What is Frankfurt's rank among the world's wealthiest cities as of 2023?,13th-wealthiest,Frankfurt ranks 10th among the world's wealthiest cities as of 2023.
28,Wilhelm Wattenbach,What is the name of Frankfurt's largest trade fair?,Messe Frankfurt,Messe Frankfurt
29,Wilhelm Wattenbach,What is the Monumenta Germaniae Historica?,"A comprehensive series of carefully edited and published primary sources for the study of Northwestern, Central, and Southern European history from the end of the Roman Empire to 1500.",The Monumenta Germaniae Historica (MGH) is an extensive collection of historical sources and texts
30,Wilhelm Wattenbach,How many monographs and dependent writings does the Monumenta Germaniae Historica Institute's library possess?,"130,000 monographs and approximately 150,000 dependent writings.","The Monumenta Germaniae Historica Institute (MGH) is a major German historical research institute,"
31,Wilhelm Wattenbach,What does the motto 'Sanctus amor patriae dat animum' mean?,Holy love for the fatherland gives the spirit,It is Latin for 'A holy love of the fatherland gives the soul'.
32,Wilhelm Wattenbach,What major historical events had yet to occur at the time of the Eleventh Edition's publication?,The tumultuous world wars,"The Eleventh Edition of the Encyclopedia Britannica, published in 1910-1911, was"
33,Wilhelm Wattenbach,What is the population of the Rhine-Main metropolitan region?,More than 5.8 million.,The Rhine-Main metropolitan region is located in the German state of Hesse and is one of
34,Wilhelm Wattenbach,Which airport is the busiest in Germany and has the most direct routes in the world?,Frankfurt Airport,The busiest airport in Germany is Frankfurt Airport (FRA) and the airport with the most direct routes
35,Wilhelm Wattenbach,What is the world's largest internet exchange point located in Frankfurt?,DE-CIX,De 9.
36,Wilhelm Wattenbach,What significant transition did the Encyclopædia Britannica undergo during the publication of the Eleventh Edition?,It transitioned from a British to an American publication.,The Eleventh Edition of the Encyclopædia Britannica underwent a significant transition in its editorial
37,Elsa Triolet,In which country is Saint-Arnoult-en-Yvelines located?,France,France
38,Elsa Triolet,In which region of France is Saint-Arnoult-en-Yvelines found?,Île-de-France,Ile-de-France
39,Elsa Triolet,What literary movement was Louis Aragon a leading voice of in France?,The surrealist movement,Surrealism
40,Elsa Triolet,What role did Osip Brik have in the Cheka?,He was a member,"Osip Brik was a key figure in the Soviet literary magazine, Lef"
41,Elsa Triolet,How did Pablo Neruda describe Lilya Brik?,The muse of Russian avant-garde,"Lilya Brik was a Russian writer, actress, and socialite. She was married to"
42,Elsa Triolet,When was Louis Aragon born?,3 October 1897,"October 3, 1897"
43,Elsa Triolet,Who were the co-founders of the surrealist review Littérature alongside Louis Aragon?,André Breton and Philippe Soupault,Léon-Paul Fargue and André Breton
44,Elsa Triolet,Which famous poet was Lilya Brik married to?,Osip Brik,Osip Brik
45,Elsa Triolet,Which avant-garde journal did Osip Brik co-found with Vladimir Mayakovsky?,Left Front of Art (LEF),Leontralizm
46,Elsa Triolet,What is the title of the work by Lewis Carroll that Louis Aragon translated into French?,The Hunting of the Snark,"Alas, Aragon translated works by Guillaume Apollinaire and André Gide, but not"
47,Elsa Triolet,When was Osip Brik born?,28 January 1888,"April 21, 1888."
48,Elsa Triolet,During which years was Lilya Brik particularly connected to the Russian avant-garde?,Between 1914 and 1930,Lilya Brik
49,Elsa Triolet,In which department of France is Saint-Arnoult-en-Yvelines?,Yvelines,Ile-de-France
50,Elsa Triolet,What political party was Louis Aragon a long-time member of?,The Communist Party,The French Communist Party
51,Elsa Triolet,Is Saint-Arnoult-en-Yvelines in the northern or southern part of France?,North-central,It is located in the northern part of France
52,Theopompus,Which universities did Eduard Meyer attend for his education?,Universities of Bonn and Leipzig,"Eduard Meyer was educated at the universities of Halle, Bonn, and Berlin."
53,Theopompus,When was Eduard Meyer born?,25 January 1855,Eduard Meyer was born on 2nd January 1855.
54,Theopompus,Who fought against the Spartan naval fleet in the Battle of Cnidus?,The Achaemenid Empire,The Athenians.
55,Theopompus,What was Georg Busolt's academic focus?,"Classical history, specifically Greek history.",Georg Busolt was a German historian.
56,Theopompus,What was the outcome of the Battle of Cnidus?,The Spartan fleet was destroyed.,The outcome of the Battle of Cnidus was a decisive victory for the Persians.
57,Theopompus,What is Friedrich Blass chiefly known for?,His works in connection with the study of Greek oratory,A German scholar of classical languages.
58,Theopompus,Who was Harpalus?,Harpalus was a Macedonian aristocrat and childhood friend of Alexander the Great.,Harpalus was a Macedonian nobleman and one of the bodyguards of Alexander the Great.
59,Theopompus,Why was Harpalus exempt from military service?,He was lame in one leg.,Harpalus was exempt from military service because he was a personal secretary to Alexander the Great.
60,Theopompus,What was the consequence of Harpalus fleeing to Athens in 324 BC?,The resulting political controversy was a contributing factor in the Lamian War.,Harpalus fled to Athens.
61,Theopompus,Until what historical event did Busolt's work on Greek history extend?,The Peloponnesian War.,"The Historia Graeca, which Busolt wrote, extended to the death of Alexander."
62,Theopompus,What was Friedrich Blass's last work before his death?,An edition of the Choephori (1906),Blass was working on a commentary on Sophocles' works.
63,Theopompus,When did Eduard Meyer die?,31 August 1930,"March 31, 1930"
64,Theopompus,What was Ulrich von Wilamowitz-Moellendorff's nationality?,German,German
65,Theopompus,Which university did Georg Busolt first become a professor at?,The University of Kiel in 1879.,The University of Leipzig
66,Theopompus,What was Ulrich von Wilamowitz-Moellendorff's full name?,Enno Friedrich Wichard Ulrich von Wilamowitz-Moellendorff,Ulrich von Wilamowitz-Moellendorff
67,Theopompus,What was Ulrich von Wilamowitz-Moellendorff an authority on?,Ancient Greece and its literature,German philology.
68,Theopompus,Which American university did Eduard Meyer lecture at in 1909?,Harvard,The University of Chicago.
69,Heinrich Ritter,What is Friedrich Schleiermacher often called?,He is often called the 'Father of Modern Liberal Theology'.,Friedrich Schleiermacher
70,Heinrich Ritter,What movement is Friedrich Schleiermacher considered an early leader in?,He is considered an early leader in liberal Christianity.,Romanticism
71,Heinrich Ritter,How many students are enrolled at the University of Göttingen?,"Around 31,600","The University of Göttingen has approximately 31,000 students."
72,Heinrich Ritter,In which cultural movement was Schleiermacher a leader?,He was a leader of German Romanticism.,The German Romantic Movement.
73,Heinrich Ritter,What was Ludwig Preller's field of study?,Philology and antiquarian studies,He was a German scholar.
74,Heinrich Ritter,What fields did Schleiermacher contribute to?,"He contributed to theology, philosophy, and biblical scholarship.","He was a German theologian, philosopher, and pastor."
75,Heinrich Ritter,What is one of the major contributions of Schleiermacher to the field of humanities?,His work forms part of the foundation of the modern field of hermeneutics.,He helped to establish the field of hermeneutics.
76,Heinrich Ritter,What are the two rivers at the mouth of which Hamburg is located?,Hamburg is located at the mouth of the Alster and Bille rivers.,The Elbe and the Alster
77,Heinrich Ritter,What was the main goal behind the founding of the University of Göttingen?,To promote the ideals of the Enlightenment,The main goal behind the founding of the University of Göttingen was to create a university that
78,Heinrich Ritter,What was Zerbst's administrative status before 2007?,Capital of the former Anhalt-Zerbst district,The town of Zerbst was a district town in the district of Anhalt-Bitterfeld.
79,Heinrich Ritter,In which German state is Zerbst located?,Saxony-Anhalt,Saxony-Anhalt
80,Heinrich Ritter,What is the official name of Hamburg?,The official name is the Free and Hanseatic City of Hamburg.,Hamburg
81,Heinrich Ritter,Which city has the highest number of bridges in Europe?,Hamburg has the highest number of bridges in Europe.,"The city with the highest number of bridges in Europe is Amsterdam, Netherlands."
82,Heinrich Ritter,What is the German pronunciation of Zerbst?,[ˈt͡sɛʁpst],The German pronunciation of Zerbst is /tsɛɐ̯bst.
83,Heinrich Ritter,What is the official name of the University of Göttingen?,Georg August University of Göttingen,The official name of the University of Göttingen is Georg-August-Universität Göt
84,Heinrich Ritter,What is the Port of Hamburg known for in Europe?,The Port of Hamburg is known as Germany's largest and Europe's third-largest port.,"The Port of Hamburg is known as the second largest port in Europe, after the Port of Rotterdam."
85,Adrienne Monnier,When was William Carlos Williams born?,"September 17, 1883","William Carlos Williams was born on September 17, 1883."
86,Adrienne Monnier,What was one of William Carlos Williams' roles at Passaic General Hospital?,Chief of pediatrics,An Attending Physician.
87,Adrienne Monnier,When was E. E. Cummings born?,"October 14, 1894","Edward Estlin Cummings was born on October 14, 1894."
88,Adrienne Monnier,In which year did E. E. Cummings publish his first collection of poetry?,1923,1917
89,Adrienne Monnier,When and where was Sylvia Beach born?,"14 March 1887, Baltimore, Maryland, United States","Sylvia Beach was born in 1887 in Baltimore, Maryland."
90,Adrienne Monnier,What were William Carlos Williams' main professions?,"Poet, writer, and physician","William Carlos Williams was a doctor, writer, and poet."
91,Adrienne Monnier,What prestigious school did Jean Prévost attend in Paris to prepare for the École normale supérieure?,Lycée Henri-IV.,Lycée Louis-le-Grand
92,Adrienne Monnier,What was the population of Eastbourne according to the 2021 census?,"101,700.","  133,  100,  71,  62,"
93,Adrienne Monnier,How many poems did E. E. Cummings write approximately?,"2,900","E. E. Cummings wrote approximately 2,900 poems."
94,Adrienne Monnier,What is Eastbourne known for?,"Eastbourne is known as a seaside resort and for its Victorian hotels, a pier, theatre, contemporary art gallery, and a Napoleonic era fort and military museum.","Eastbourne is known for its beautiful beaches, promenade, and gardens."
95,Adrienne Monnier,What is Sylvia Beach known for?,"Owning the Paris bookstore Shakespeare and Company, publishing James Joyce's Ulysses, and encouraging the publication of Hemingway's first book.",Sylvia Beach was an American expatriate and owner of the famous Shakespeare and Co. bookstore
96,Adrienne Monnier,What types of industries contribute to Eastbourne's economy besides tourism?,"Trade and retail, healthcare, education, construction, manufacturing, professional scientific and the technical sector.",Eastbourne's economy is driven by various industries besides tourism.
97,Adrienne Monnier,Who was the editor of Le Navire d'Argent?,Jean Prévost,A French magazine.
98,Adrienne Monnier,What roles did Jean Prévost undertake during his lifetime?,"French writer, journalist, and Resistance fighter.","A Swiss novelist, journalist, and politician."
99,Adrienne Monnier,What was Sylvia Beach's original name?,Nancy Woodbridge Beach,Sylvia Beach.
100,Adrienne Monnier,What movement is William Carlos Williams closely associated with?,Modernism and imagism,Imagism
101,Adrienne Monnier,What was unique about E. E. Cummings' use of language in his poetry?,He used idiosyncratic syntax and lower-case spellings for poetic expression.,"He was known for his unconventional use of language, often disregarding traditional grammar and punctuation."
102,Adrienne Monnier,"What phrase summarizes Williams' poetic method, as mentioned in his works?",No ideas but in things,The pursuit of reality.
103,Adrienne Monnier,What was the theme of the issue published in March 1926 of Le Navire d'Argent?,American writers,The magazine Le Navire d'Argent
104,Ann Brashares,How many books are in The Sisterhood of the Traveling Pants series?,There are five books in The Sisterhood of the Traveling Pants series.,4
105,Ann Brashares,Is Sisterhood Everlasting the beginning of the series?,"No, Sisterhood Everlasting is the fifth and last novel in the series.",It is the final book in the A-  series
106,Ann Brashares,How does Paul react to his feelings for Alice?,He goes to great lengths to hide his feelings about Alice.,Paul becomes increasingly jealous of Alice’s relationships with other people and feels threatened by her independence.
107,Ann Brashares,What happened to the Quill Award program in February 2008?,Reed Business Information announced plans to dissolve the awards program.,It was suspended in February 2008.
108,Ann Brashares,What is the main theme of Sisterhood Everlasting?,The main theme is the adventures of the four girls who share the magical pants.,"The novel ""Sisterhood Everlasting"" is a romance novel by  Meg Cabot."
109,Ann Brashares,What style of art is Jacob Collins known for?,Realist painting,He is known for his realism.
110,Ann Brashares,What is unique about the pair of jeans shared by the four friends in The Second Summer of the Sisterhood?,"The jeans fit all of them, even though they are different sizes.",They were bought with their own money.
111,Ann Brashares,Who are the main characters of Sisterhood Everlasting?,The main characters are four girls who share a pair of magical pants.,The main characters of Sisterhood Everlasting
112,Ann Brashares,What influenced Jacob Collins to pursue a career in art?,Copying works by Old Masters in the Metropolitan Museum of Art,"He was influenced by his father, a sculptor."
113,Ann Brashares,What major life event does Riley face in the novel?,Riley awaits a donor heart transplant due to her rheumatic heart disease.,Riley faces the loss of her mother.
114,Ann Brashares,What was the purpose of the Quill Award?,To inspire reading while promoting literacy.,The Quill Award was an American literary award that was presented annually from 2002 to 200
115,Ann Brashares,How long did the Quill Award run?,"Three years, from 2005 to 2007.",The Quill Award ran from 2001 to 2008.
116,Ann Brashares,Why was the Quill Award program suspended?,"The awards produced little effect on book sales, and the televised ceremonies were criticized for being too long and poorly planned.",It was suspended in 2007.
117,Ann Brashares,Which book in the series was adapted into a film titled The Sisterhood of the Traveling Pants 2?,The Second Summer of the Sisterhood,The Sisterhood of the Traveling Pants series by Ann Brashares
118,Ann Brashares,What is the title of the novel that continues the adventures of four best friends and a magical pair of jeans?,The Second Summer of the Sisterhood,"The novel is called ""The Secret of the Golden Locket."""
119,Ann Brashares,Can you name two television series produced by Alloy Entertainment?,The Vampire Diaries and Gossip Girl,The Vampire Diaries
120,Ann Brashares,Who are the main characters in The Last Summer (of You and Me)?,"Alice, Riley, and Paul.","The main characters in ""The Last Summer (of You and Me)"" are 17-year-old "
121,Hartmann von Aue,Who is the author of Erec and Enide?,Chrétien de Troyes,Chrétien de Troyes
122,Hartmann von Aue,What is the Neue Deutsche Biographie?,It is a biographical reference work.,It is a biographical dictionary of German-language writers and scholars.
123,Hartmann von Aue,When was 'Der arme Heinrich' probably written?,In the 1190s.,Der arme Heinrich
124,Hartmann von Aue,When was Iwein likely completed?,Iwein was likely completed around the start of the 13th century.,The German epic poem Iwein was likely completed between 1190 and 1210.
125,Hartmann von Aue,How does Erec meet Enide?,"Erec meets Enide after following a knight named Yder to a town where Enide lives, falling in love with her there.",Erec meets Enide at the wedding of the king of Nantes.
126,Hartmann von Aue,How does Gregorius discover his true origins?,The abbot reveals a tablet that relates the story of his birth.,"In the novel ""The Metamorphosis"" by Franz Kafka, Gregor Samsa,"
127,Hartmann von Aue,What is the main plot of Erec and Enide?,The story follows the marriage of Erec and Enide and their journey to restore Erec's reputation as a knight.,"The main plot of Erec and Enide, an Arthurian romance by Chrétien de Troy"
128,Hartmann von Aue,Who publishes the Neue Deutsche Biographie?,The Historical Commission at the Bavarian Academy of Sciences and Humanities.,The Verein für Deutsche Geschichte im Ausland
129,Hartmann von Aue,What is the significance of the lion in Iwein's story?,"The lion becomes Iwein's companion after Iwein helps it fight a dragon, symbolizing Iwein's restored honour and heroism.","The lion represents nobility, royalty, and strength."
130,Hartmann von Aue,How is Gregorius discovered to be the next pope?,"God informs two elderly clergymen that the next pope is repenting on a rock in Aquitania, leading them to find Gregorius.","In the novel ""The Name of the Rose"""
131,Hartmann von Aue,What is 'Der arme Heinrich' about?,"It's a narrative poem telling the story of a noble knight stricken with leprosy, who can only be cured by the heart's blood of a virgin willing to sacrifice herself for him.",Der arme Heinrich is a Middle High German epic poem written by the poet Hartmann von A
132,Hartmann von Aue,What must Heinrich do to be cured of his leprosy?,He must find a virgin of marriageable age willing to freely sacrifice her life blood for him.,He must drink the waters of the fountain of Fontaine de Vaucluse.
133,Hartmann von Aue,What is the time frame for Middle High German literature?,Between the middle of the 11th century and the middle of the 14th century.,The Middle High German literature spans from the end of the 11th century to the end of the
134,Hartmann von Aue,Are the articles from the first 26 volumes of Neue Deutsche Biographie available online?,"Yes, they are freely available online.","The first 26 volumes of the ""Neue Deutsche Biographie"" (NDB) are"
135,Hartmann von Aue,How many volumes of the Neue Deutsche Biographie have been published as of 2016?,27 volumes.,30
136,Hartmann von Aue,How does the story of Erec and Enide conclude?,"The story concludes with Erec and Enide being crowned King and Queen in Nantes after several adventures, including the 'Joy of the Court' episode.","Erec and Enide are characters from Chrétien de Troyes's Arthurian romance, E"
137,Hartmann von Aue,What marked the 'golden age' of medieval German literature?,"The period around 1170 to 1230, known for the blossoming of Minnesang, courtly romances, and a new take on the heroic tradition.","The courtly love tradition and the emergence of the epic poem, specifically the ""Epic of the"
138,Hartmann von Aue,What is the significance of the sparrow-hawk in the story?,"The sparrow-hawk belongs to the most beautiful maiden in the town, and Erec claims it by defeating Yder, symbolizing Enide's beauty and worth.",It is symbolic of freedom and joy.
139,Hartmann von Aue,How does Heinrich react upon seeing the girl prepared for the sacrifice?,"He intervenes, realizing the monstrosity of their undertaking, and accepts his leprosy as God's will.",Heinrich is deeply shocked and horrified by the girl's appearance.
140,Hartmann von Aue,What influenced the early MHG lyric poetry known as Minnesang?,The French and Provençal tradition of courtly love song.,The early MHG lyric poetry known as Minnesang was influenced by the works of the Old French
141,Jorge Semprún,Who founded the Académie Goncourt?,Edmond de Goncourt,Edmond de Goncourt
142,Jorge Semprún,What did Antonio Maura study?,Law,He studied law.
143,Jorge Semprún,In what city did Antonio Maura study law?,Madrid,Madrid.
144,Jorge Semprún,How much is the laureate of the Ovid Prize awarded?,"10,000 euros","50,000 euros."
145,Jorge Semprún,When was Antonio Maura Montaner born?,2 May 1853,30 March 1853
146,Jorge Semprún,What is the Prix Goncourt?,A yearly prize awarded for the best work of fiction of the year.,It is a French literary award.
147,Jorge Semprún,When was the 37th Cannes Film Festival held?,11 to 23 May 1984,The 37th Cannes Film Festival was held in 1984.
148,Jorge Semprún,Where do the members of the Académie Goncourt meet?,"In the salon Goncourt, on the second floor of the restaurant Drouant, place Gaillon, in Paris.",The Académie Goncourt meets in Paris.
149,Jorge Semprún,What is the Ovid Festival Prize and its value?,"The Ovid Festival Prize is a separate award worth 5,000 euros.",The Ovid Festival Prize is an international literary award given annually to the best literary work in any language
150,Jorge Semprún,How many members does the Académie Goncourt consist of?,Ten members.,15
151,Jorge Semprún,Where and when is the awards ceremony for the Ovid Prize held?,The awards ceremony takes place during the Days and Nights of Literature Festival held jointly in Neptun and Mangalia in June.,"The Ovid Prize is awarded annually at the National Library in Sofia, Bulgaria, on October 16"
152,Jorge Semprún,What is the Ovid Prize?,"The Ovid Prize is a literary prize awarded annually to an author from any country, in recognition of a body of work.",The Ovid Prize
153,Jorge Semprún,What was the opening film of the 37th Cannes Film Festival?,"Fort Saganne, directed by Alain Corneau","The opening film of the 37th Cannes Film Festival, held in 1984, was """
154,Jorge Semprún,Where was Antonio Maura born?,"Palma, on the island of Mallorca","Cartagena, Spain"
155,Jorge Semprún,What scandal led to Alfonso Guerra's resignation as vice-president?,A financial scandal involving his brother Juan Guerra.,Alfonso Guerra was a Spanish politician.
156,Jorge Semprún,Who did Antonio Maura marry?,Constancia Gamazo y Calvo,Antonio Maura y Tena
157,Jorge Semprún,What is the main purpose of the Académie Goncourt?,To encourage literature in France.,The Académie Goncourt is a French literary society founded in 1895 by a group of
158,Jorge Semprún,"During the 37th Cannes Film Festival, what side event took place under the patronage of the festival's authorities?",A side event presenting film trailers,The Cannes Film Festival was held in 1974.
159,Giovanni Battista Casti,In what language is the libretto of 'La grotta di Trofonio' written?,Italian,Italian
160,Giovanni Battista Casti,Where is Montefiascone located?,"Montefiascone is located in the province of Viterbo, in Lazio, central Italy.",Montefiascone
161,Giovanni Battista Casti,What is the geographical position of Montefiascone in relation to Lake Bolsena?,Montefiascone stands on a hill on the southeast side of Lake Bolsena.,Montefiascone is situated on the lake's eastern shore.
162,Giovanni Battista Casti,What is the origin of the name 'Montefiascone'?,"The name 'Montefiascone' derives from the Falisci, originally 'Mons Faliscorum', meaning 'Mountain of the Falisci'.",Montefiascone
163,Giovanni Battista Casti,"When did Montefiascone first appear in historical documents, and what was its relation to the Papacy in the Middle Ages?","Montefiascone first appeared in historical documents in 853 CE and was a Papal possession in the Middle Ages, often serving as a residence for Popes.","The town of Viterbo, located in the province of Viterbo, Lazio, Italy"
164,Giovanni Battista Casti,What special recognition does the frazione of Torre Alfina in Acquapendente have?,It is one of 'The most beautiful villages of Italy'.,Torre Alfina
165,Giovanni Battista Casti,When did Acquapendente become part of the Papal States?,In 1449.,In 1538
166,Giovanni Battista Casti,What is the significance of the title 'Prima la musica e poi le parole' in relation to another opera?,"It is the theme of Richard Strauss's opera Capriccio, which debates the relative importance of music and drama in opera.","It refers to the opera ""The Marriage of Figaro"" by Mozart, which was originally called """
167,Giovanni Battista Casti,How did World War II affect Montefiascone?,Montefiascone was damaged by two Allied bombings in May 1944.,Montefiascone
168,Giovanni Battista Casti,Where was the first performance of Prima la musica e poi le parole held?,Orangery of the Schönbrunn Palace in Vienna,"It was held at the Theater an der Wien in Vienna, Austria, in 1786."
169,Giovanni Battista Casti,What notable positions did William Stewart Rose hold during his lifetime?,"Member of Parliament, Surveyor of Green-wax Monies, Clerk of Pleas at the Exchequer, and Reading Clerk to the House of Lords",Poet and politician.
170,Giovanni Battista Casti,Where was 'La grotta di Trofonio' first performed?,Burgtheater in Vienna,The opera La grotta di Trofonio was first performed in 1812 in Rome.
171,Giovanni Battista Casti,Which Emperor commissioned Prima la musica e poi le parole?,Emperor Joseph II,Joseph II
172,Giovanni Battista Casti,When was Prima la musica e poi le parole first performed?,7 February 1786,The opera Prima la musica e poi le parole was first performed on 2 February 1786
173,Giovanni Battista Casti,What is Acquapendente known for in terms of local production?,"Vegetables and wine production, and pottery craftsmanship.",A wine.
174,Giovanni Battista Casti,What was William Stewart Rose known for championing in the literary world?,Italian poets and a burlesque style of verse,Rose was known for championing Romanticism.
175,Giovanni Battista Casti,What historical significance does Montefiascone hold in relation to the Etruscan civilization?,"Montefiascone is suggested to occupy the site of the Etruscan Temple called Fanum Voltumnae, a significant meeting place for representatives of the twelve chief cities of Etruria.","Montefiascone, a hilltop town in the province of Viterbo, central Italy,"
176,Najaf Daryabandari,Where was William Faulkner born?,"New Albany, Mississippi.","New Albany, Mississippi."
177,Najaf Daryabandari,What is William Faulkner's first novel?,Soldiers' Pay.,The Sound and the Fury
178,Najaf Daryabandari,What is the fictional county in William Faulkner's novels and short stories?,Yoknapatawpha County.,Yoknapatawpha.
179,Najaf Daryabandari,"Who is the main character in ""A Rose for Emily""?",Emily Grierson.,"Emily Grierson, the titular character, is the main character in ""A Rose for Emily"" by"
180,Najaf Daryabandari,"When was ""A Rose for Emily"" first published?","April 30, 1930.","It was first published in 1930 in the 12th issue of the magazine ""Scri"
181,Heinz Erhardt,When was the Kriegsmarine the navy of Nazi Germany?,1935 to 1945,The Kriegsmarine was the navy of Nazi Germany from 1935 to 1945.
182,Heinz Erhardt,What treaty did the Kriegsmarine violate by expanding in the 1930s?,The Treaty of Versailles,The Treaty of Versailles
183,Heinz Erhardt,How many people have been awarded the Order of Merit of the Federal Republic of Germany?,"Over 260,000 individuals have been awarded.","Over 300,000 people."
184,Heinz Erhardt,What did the Kriegsmarine supersede?,The Imperial German Navy and the Reichsmarine,The Imperial German Navy.
185,Heinz Erhardt,What characterized Kabarett during the Weimar era?,"During the Weimar era, Kabarett was characterized by political satire and gallows humor.","It was known for its satire, parody, and critique of the Weimar society."
186,Heinz Erhardt,Who created the Order of Merit of the Federal Republic of Germany?,"Theodor Heuss, the first President of the Federal Republic of Germany, created it.",The Order of Merit of the Federal Republic of Germany was created by the Federal Republic of Germany in
187,Heinz Erhardt,What was the name of the first Kabarett venue and where was it located?,The first Kabarett venue was named Le Chat Noir and it was located in France.,"The first Kabarett venue was called the ""Simplische Kaffeehaus""."
188,Heinz Erhardt,What is Wellingsbüttel?,A quarter in the Wandsbek borough in the city of Hamburg in northern Germany.,"It is a district of Hamburg, Germany."
189,Heinz Erhardt,Was Wellingsbüttel always a part of Hamburg?,"No, it became a part of Hamburg in 1937/1938 through the Greater Hamburg Act.",Wellingsbüttel was incorporated into Hamburg in 1937.
190,Heinz Erhardt,What is a distinct aspect of German Kabarett compared to its French origin?,A distinct aspect of German Kabarett is its use of gallows humor.,A distinct aspect of German Kabarett compared to its French origin is its biting satire and critical commentary
191,Heinz Erhardt,What was the role of a Kapellmeister during the period 1500–1800 in German-speaking countries?,The director of music for a monarch or nobleman,"During the period 1500-1800, the Kapellmeister was the chief musician of"
192,Heinz Erhardt,How does Kabarett differ from other forms of cabaret?,"Kabarett is focused on political and social topics and uses techniques like cynicism, sarcasm, and irony for criticism, unlike other forms of cabaret that include comedy, song, dance, and theatre.",A great question about a wonderful genre! Kabarett is a German art form that combines elements of
193,Heinz Erhardt,What did becoming a Kapellmeister signify for a professional musician?,A mark of success and considerable musical skill,A Kapellmeister was the chief musician of a royal or noble court.
194,Heinz Erhardt,Which famous café is located at the junction with Joachimstaler Straße?,Café Kranzler,Café 21
195,Heinz Erhardt,When and where did Kabarett venues start appearing in Germany?,"Kabarett venues started appearing in Germany from 1901, with the creation of Berlin's Überbrettl venue.",The origins of the German cabaret scene.
196,Heinz Erhardt,How did Wellingsbüttel become part of Hamburg?,Through the Greater Hamburg Act.,Wellingsbüttel became part of Hamburg in 1937.
197,Heinz Erhardt,How long is the Kurfürstendamm?,3.5 km (2.2 mi),The Kurfürstendamm is 3. 5 kilometers long.
198,Heinz Erhardt,What is the Order of Merit of the Federal Republic of Germany?,"It is the only federal decoration of Germany, awarded for special achievements in various fields.",The Order of Merit of the Federal Republic of Germany (Bundesverdienstorden
199,Heinz Erhardt,What led to the decline of Kapellmeister positions by the end of the 18th century?,The economic decline of the nobility and the rising costs of maintaining a Kapelle,"The rise of the virtuoso pianist, orchestral concerts, and the emergence of opera as"
200,Heinz Erhardt,When was the Order of Merit of the Federal Republic of Germany established?,It was established on 7 September 1951.,It was established on 7 September 1951.
201,Rudolf Christoph Eucken,What was the nationality of Gustav Teichmüller?,German,German
202,Rudolf Christoph Eucken,Where did Gustav Teichmüller receive his education in philosophy?,Berlin,"Gustav Teichmüller studied philosophy at the universities of Tübingen, Berlin"
203,Rudolf Christoph Eucken,Which university did Hermann Lotze succeed Johann Friedrich Herbart in the chair of philosophy?,University of Göttingen,Helmstedt and Göttingen
204,Rudolf Christoph Eucken,At which universities did Gustav Teichmüller teach?,Basel University and the Imperial University of Dorpat,"He taught at the universities of Dorpat, Königsberg, and Leipzig"
205,Rudolf Christoph Eucken,What degrees did Hermann Lotze obtain and in what fields?,He obtained a degree in medicine and a degree in philosophy.,"Hermann Lotze was a German philosopher, physiologist, and physician."
206,Rudolf Christoph Eucken,What position did Trendelenburg hold before becoming a professor in Berlin?,Tutor to the son of an intimate friend of Karl vom Stein zum Altenstein,Berlin
207,Rudolf Christoph Eucken,What was Friedrich Adolf Trendelenburg's field of study?,Philosophy and philology,Philosophy and classical philology
208,Rudolf Christoph Eucken,Which universities did Friedrich Adolf Trendelenburg attend?,"Kiel, Leipzig, Berlin",University of Berlin
209,Rudolf Christoph Eucken,What was the subject of Trendelenburg's doctoral dissertation?,Plato's Doctrine of Ideas and Numbers as Illustrated by Aristotle,The subject of Trendelenburg’s doctoral dissertation was Kant’s theory of the a priori.
210,Rudolf Christoph Eucken,What was the title of Hermann Lotze's dissertation for his medical degree?,De futurae biologiae principibus philosophicis,"Hermann Lotze's dissertation was titled ""De ilitu"""
211,Rudolf Christoph Eucken,When was Gustav Teichmüller born?,"November 19, 1832","August 23, 1832"
212,Rudolf Christoph Eucken,Which philosopher's notion of perspectivism influenced Friedrich Nietzsche's philosophy?,Gustav Teichmüller,Friedrich Nietzsche's philosophy was influenced by the perspectivism of the philosopher Friedrich Schleier
213,Rudolf Christoph Eucken,When did Gustav Teichmüller pass away?,"May 22, 1888","November 26, 1888"
214,Rudolf Christoph Eucken,What is the capital of the district of Aurich?,Aurich,Aurich
215,Rudolf Christoph Eucken,When and where was Hermann Lotze born?,"21 May 1817 in Bautzen, Saxony, Germany","Hermann Lotze was born in 1817 in Bautzen, Saxony (now in"
216,Rudolf Christoph Eucken,What are the names of the two early books published by Hermann Lotze?,Metaphysik and Logik,Hermann Lotze published “Metaphysics” and “Outlines of a 100- 
217,Rudolf Christoph Eucken,What was Aurich made the capital of during the First French Empire?,The department Ems-Oriental,The capital of the First French Empire was Paris
218,Rudolf Christoph Eucken,What was the main objective of Lotze's later works regarding human organism?,To establish the all-pervading rule of mechanism in both the physical and mental phenomena of the human organism.,"The concept of human organism in Lotze's philosophy is closely related to his general philosophical system, which"
219,Rudolf Christoph Eucken,What are the two main interpretations of the city name 'Aurich'?,"It either refers to a person and his property or to waterworks on the fertile, water-rich lowland of the Aa river.","The city name 'Aurich' is thought to be derived from the Old High German words """
220,Rudolf Christoph Eucken,Which kingdom did Aurich become part of after Napoleon was defeated in 1814?,The Kingdom of Hanover,Hanover
221,Paul Gerhardt,What was the capital of the Duchy of Saxe-Merseburg?,Merseburg,Merseburg
222,Paul Gerhardt,Has the debt Mittenwalde lent to Berlin ever been repaid?,No,It is difficult to find information on how much Berlin owed to Mittenwalde.
223,Paul Gerhardt,How was the final form of the Formula of Concord known?,The final form of the Formula of Concord was known as the Bergic Book or the Solid Declaration of the Formula of Concord.,It was known through a publication called the Book of Concord
224,Paul Gerhardt,What are the two parts of the Formula of Concord?,The two parts of the Formula of Concord are the Epitome and the Solid Declaration.,The Formula of Concord is divided into 2 parts: Epitome and Solid Declaration.
225,Paul Gerhardt,How far is Mittenwalde from the centre of Berlin?,30 km southeast,Mittenwalde is about 30 kilometers southeast of the centre of Berlin.
226,Paul Gerhardt,What is Gräfenhainichen?,"Gräfenhainichen is a town in Wittenberg district in Saxony-Anhalt, Germany.",Gräfenhainichen
227,Paul Gerhardt,What was the intended use of Praxis pietatis melica?,For use in both church and private services,It was a hymn book.
228,Paul Gerhardt,Who was the ruler that stipulated the creation of Saxe-Merseburg in his will?,John George I of Saxony,Frederick II
229,Paul Gerhardt,Who were the main formulators of the Formula of Concord?,The most important formulators of the Formula of Concord were Jakob Andreä and Martin Chemnitz.,"The main formulators of the Formula of Concord were Jacob Andreae, Martin Chemnitz, and"
230,Paul Gerhardt,What is the Formula of Concord?,"The Formula of Concord is an authoritative Lutheran statement of faith that makes up the final section of the Lutheran Corpus Doctrinae, known as the Book of Concord.","The Formula of Concord, adopted in 1577, was a document that outlined the beliefs of the"
231,Paul Gerhardt,In what century was Praxis pietatis melica first published?,17th century,The work Praxis pietatis melica was first published in the 17th century.
232,Paul Gerhardt,When and where was Johann Crüger born?,Johann Crüger was born on 9 April 1598 in Groß Breesen (now part of Guben).,He was born in 1598 in Heidelberg
233,Paul Gerhardt,Where did Johann Crüger receive his early education?,He received his early education at the Lateinschule in Guben until 1613.,Johann Crüger received his early education at the Friedrichswerdersches Gymnasium in
234,Paul Gerhardt,What was Gräfenhainichen the seat of before January 2011?,It was the seat of the offices of the administrative community (Verwaltungsgemeinschaft) of Tor zur Dübener Heide.,The district capital of Gräfenhainichen
235,Paul Gerhardt,What was required of every clergyman in the Electorate of Saxony regarding the Formula of Concord?,Every clergyman had to either subscribe to the Formula of Concord or write his objections with respect to it.,All clergy were required to sign the Formula of Concord.
236,Paul Gerhardt,What did Johann Crüger study in Berlin?,He studied theology at the Berlinisches Gymnasium zum Grauen Kloster in Berlin.,Music.
237,Paul Gerhardt,What was Johann Crüger's ethnicity?,He was an ethnic Sorb.,German
238,Paul Gerhardt,What is the meaning of the Latin title 'Praxis pietatis melica'?,Practice of Piety in Song,It is the practice of sacred music.
239,Paul Gerhardt,What was the purpose of the Formula of Concord's promulgation and subscription?,The purpose was the unification and preservation of Lutheranism.,The Formula of Concord was promulgated and subscribed to at the 1577 Diet of Augsburg
240,Moshe Greenberg,Where is the Schechter Institute of Jewish Studies located?,Jerusalem,Jerusalem
241,Moshe Greenberg,Where is the Israel Prize ceremony held?,The ceremony is held in Jerusalem.,The Israel Prize ceremony is held at the President's Residence in Jerusalem.
242,Moshe Greenberg,In what year was the Israel Prize established?,The Israel Prize was established in 1953.,1918
243,Moshe Greenberg,Who attends the Israel Prize ceremony?,"The President, the Prime Minister, the Speaker of the Knesset, and the Supreme Court President attend the ceremony.","The Israel Prize ceremony is attended by the President of Israel, the Prime Minister, the President of the"
244,Moshe Greenberg,What unique approach does the Schechter Institute of Jewish Studies promote?,A pluralistic approach to Jewish-Israeli identity,"The Schechter Institute of Jewish Studies, based in Jerusalem, focuses on practical and academic studies in Jewish"
245,Moshe Greenberg,What is the Katz Center for Advanced Judaic Studies?,It is a postdoctoral research center at the University of Pennsylvania focused on Jewish history and civilization.,The Katz Center for Advanced Judaic Studies
246,Moshe Greenberg,What unique program does the Schechter Institute offer that combines Chaplaincy with a degree in Family and Community Studies?,The Marpeh program,The Schechter Institute offers a unique program that combines chaplaincy with a degree in Family and Community
247,Moshe Greenberg,Who initiated the establishment of the Israel Prize?,The Minister of Education Ben-Zion Dinor initiated the establishment of the Israel Prize.,David Ben Gurion
248,Moshe Greenberg,When is the Israel Prize awarded?,The Israel Prize is awarded annually on Israeli Independence Day.,"The Israel Prize is awarded annually, on Independence Day (Yom Ha'atzmaut), which"
249,Moshe Greenberg,What is the Israel Prize?,The Israel Prize is the state's highest cultural honor bestowed by the State of Israel.,The Israel Prize is the highest honor awarded by the State of Israel for achievements in a variety of fields
250,Moshe Greenberg,What historical movement first used the term 'Science of Judaism'?,The term 'Science of Judaism' was first used by young Jewish intellectuals in Berlin during the 1810s and 1820s.,"The historical movement that first used the term ""Science of Judaism"" was Haskalah, which emerged"
251,Moshe Greenberg,How many M.A. graduates does the Schechter Institute have?,"Approximately 2,000 M.A. graduates",The Schechter Institute is an Israeli think tank.
252,Moshe Greenberg,What are some related fields to Jewish studies?,"Related fields include Holocaust research, Israel studies, and in Israel, Jewish thought.","Here are some related fields to Jewish studies:

1.  **Hebrew Studies**: This field involves"
253,Moshe Greenberg,What is Jewish studies?,"Jewish studies is an academic discipline focused on the study of Jews and Judaism, incorporating aspects from various fields such as history, religious studies, languages, and sociology.","Jewish Studies is an interdisciplinary field of study that explores the history, culture, and experiences of the"
254,Moshe Greenberg,Why has Jewish studies seen a growth in interest and academic engagement in the United States?,"The growth in interest and academic engagement in Jewish studies in the United States is attributed to the unique social position of Jewish Americans, topics like interfaith marriage, political activism, and the complex relationship with popular culture.",The growth in interest and academic engagement in Jewish studies in the United States can be attributed to several factors
255,Moshe Greenberg,Who was the founding director of the Katz Center?,David B. Ruderman.,The Katz Center is the Center for the History of the Jewish People at the Hebrew University of Jerusalem.
256,Moshe Greenberg,What are the main languages studied in Assyriology?,The main languages studied in Assyriology are Akkadian and Sumerian.,The languages of Assyriology
257,Moshe Greenberg,Who endowed the Katz Center in 2008 and why?,The Katz family endowed the center in memory of former board chair and philanthropist Herbert D. Katz.,"The Katz Center was endowed by the philanthropist and financier, Robert H. "
258,Amy Clampitt,When was Grinnell College founded?,1846,1869
259,Amy Clampitt,What group of colleges is Smith College a member of?,Smith College is a member of the historic Seven Sisters colleges.,"Smith College is a member of the Five Colleges, Inc. consortium, which includes Amherst College"
260,Amy Clampitt,What are some notable features on the Smith College campus?,"Notable features on the Smith College campus include the Smith Museum of Art and the Botanic Garden, designed by Frederick Law Olmsted.","The campus of Smith College is located in Northampton, Massachusetts, and it is known for its beautiful"
261,Amy Clampitt,What natural disaster struck New Providence in 1860?,a tornado,The earthquake and hurricane of 1860 struck New Providence.
262,Amy Clampitt,In which county is New Providence located?,Hardin County,New Providence is located in Nassau County.
263,Amy Clampitt,What types of exhibits does the American Academy of Arts and Letters showcase?,"Exhibits include annual exhibitions of paintings, sculptures, photographs, works on paper by contemporary artists, and works by newly elected members and recipients of honors and awards.","The American Academy of Arts and Letters showcases exhibits of art, architecture, and literature."
264,Amy Clampitt,Which social movement was Grinnell College known as the center for?,The Social Gospel reform movement,The social movement that Grinnell College was known as the center for was the Abolitionist
265,Amy Clampitt,What was Smith College the first women's college to offer?,Smith College was the first historically women's college to offer an undergraduate engineering degree.,It was the first women's college to offer a graduate degree.
266,Amy Clampitt,What is the Five College Consortium and what role does Smith College play in it?,"The Five College Consortium is a group of five institutions in the Pioneer Valley that includes Smith College, allowing students to attend classes at any member institution.","The Five College Consortium is a collaborative agreement between Amherst College, Hampshire College, Mount Holyoke"
267,Amy Clampitt,Where is the headquarters of the American Academy of Arts and Letters located?,"In the Washington Heights neighborhood of Manhattan, New York City.",The American Academy of Arts and Letters is located in New York City.
268,Amy Clampitt,What is the primary goal of the American Academy of Arts and Letters?,"To foster, assist, and sustain excellence in American literature, music, and art.","The primary goal of the American Academy of Arts and Letters is to ""to  foster,  to"
269,Amy Clampitt,What happened to much of New Providence's business district in 1910?,It burned in a fire.,"In 1910, a fire destroyed much of New Providence's business district."
270,Amy Clampitt,Are the memberships at the American Academy of Arts and Letters permanent?,"Yes, memberships are elected for lifetime appointments.","No, memberships are not permanent."
271,Amy Clampitt,"What is the population of Lenox, Massachusetts as of the 2020 census?","5,095","The population of Lenox, Massachusetts as of the 2020 census is 5,  "
272,Amy Clampitt,What are the names of two major cultural institutions located in Lenox?,Shakespeare & Company and Tanglewood,The Clark Art Institute and the Tanglewood Music Center
273,Amy Clampitt,What notable firsts occurred at Grinnell College in terms of sports?,The first intercollegiate football and baseball games west of the Mississippi were played there,Grinnell College was the first college in the United States to adopt the rules of the Intercol
274,Amy Clampitt,What is unique about Smith College's academic structure?,"Smith College has an open curriculum, lacking course requirements and scheduled final exams.","Smith College is unique in that it is one of the seven "" 7 Sisters,"" the only all"
275,Amy Clampitt,When was Smith College chartered and by whom?,Smith College was chartered in 1871 by Sophia Smith.,Smith College was chartered in 1871 by Sophia Smith.
276,Amy Clampitt,How many members does the American Academy of Arts and Letters have?,300 members.,The American Academy of Arts and Letters has 250 members.
277,Ted Kooser,What is Kwame Dawes' current role at the University of Nebraska-Lincoln?,Professor of English,"Poet, editor, and professor."
278,Ted Kooser,Which magazine does Kwame Dawes serve as editor-in-chief?,Prairie Schooner,Pentecostal Methodist Magazine
279,Ted Kooser,What genre does Edward Hirsch primarily write in?,Poetry,Poetry
280,Ted Kooser,What position does Edward Hirsch hold at the John Simon Guggenheim Memorial Foundation?,President,President.
281,Ted Kooser,What is one of the major prizes a Copper Canyon Press poet won in 2020?,Jericho Brown won the 2020 Pulitzer Prize for Poetry for The Tradition,The Pulitzer Prize for Poetry in 2020
282,Ted Kooser,What award did Kwame Dawes receive from Poets & Writers in 2011?,Barnes & Noble Writers for Writers Award,The Lifetime Achievement Award
283,Ted Kooser,When was Edward Hirsch born?,"January 20, 1950","Edward Hirsch was born on December 20, 1950"
284,Ted Kooser,What magazine did Warren Woessner co-found in 1968?,Abraxas Magazine,Warner Woessner
285,Ted Kooser,What professions is Kwame Dawes known for?,"Poet, actor, editor, critic, musician, and professor",Poet and writer.
286,Ted Kooser,Can you name a bestseller by Edward Hirsch about reading poetry?,The document does not specify the title of the bestseller.,Edward Hirsch
287,Ted Kooser,What types of works does Copper Canyon Press specialize in publishing?,"Poetry, including new collections, translations, re-issues of classics, prose books about poetry, and anthologies",Poetry.
288,Ted Kooser,What unique collection did Copper Canyon Press publish in 2016?,"Then Come Back: The Lost Neruda Poems, a collection of lost poems by Pablo Neruda",The River of Earth
289,Ted Kooser,What significant contribution did Greg Kuzma make in the 1970s?,"He founded the Best Cellar Press and the literary magazine, Pebble.",Greg Kuzma was an engineer who developed the first commercial floppy disk in 1970.
290,Alfred Vogel,Who was Ben Black Elk's father?,Black Elk,Ogala Luta (also known as Oglala Lakota).
291,Alfred Vogel,In what book did Ben Black Elk serve as an interpreter for his father's interviews?,Black Elk Speaks,"The book was ""The Van Vechten Collection""."
292,Alfred Vogel,Who acquired NRC Media group in 2015?,Mediahuis,"In 2015, NRC Media Group was acquired by Schibsted."
293,Alfred Vogel,What role is Ben Black Elk known as in relation to Mount Rushmore?,"the ""fifth face"" of Mount Rushmore",Ben Black Elk was a Holy Man and Medicine Man in the Lakota tribe.
294,Alfred Vogel,Where was 'Zondag met Lubach' recorded?,In the main auditorium of the Theater Bellevue in Amsterdam.,The television program 'Zondag met Lubach' was recorded at the VARA studios in Amsterdam
295,Alfred Vogel,What is 'Zondag met Lubach'?,A Dutch weekly satirical television programme.,Zondag met Lubach
296,Alfred Vogel,What is the full former name of NRC?,NRC Handelsblad,NRC stands for Nuclear Regulatory Commission.
297,Alfred Vogel,What significant event involving local peasants occurred in Thurgau in 1524?,"Local peasants occupied the cloister of Ittingen, driving out monks and destroying documents.",The peasants' rebellion.
298,Alfred Vogel,What is the district name where Feusisberg is situated?,Höfe District,Fehisberg
299,Alfred Vogel,When did 'Zondag met Lubach' first air and when did it end?,It aired between 2014 and 2021.,The first episode of 'Zondag met Lubach' aired on 26 August 2015
300,Alfred Vogel,Who were the main scriptwriters for 'Zondag met Lubach'?,Tex de Wit and Pieter Jouke.,The main scriptwriters of the Dutch talk show 'Zondag met Lubach' were Joost
301,Alfred Vogel,When was NRC Handelsblad first published?,1 October 1970,1901
302,Alfred Vogel,What are the names of the two newspapers that merged to form NRC Handelsblad?,Algemeen Handelsblad and Nieuwe Rotterdamsche Courant,NRC Handelsblad was formed by the merger of NRC (Nederlandsch 
303,Alfred Vogel,What show succeeded 'Zondag met Lubach'?,De Avondshow met Arjen Lubach.,The show 'Zondag met Lubach' was replaced by 'Zondag met 3
304,Alfred Vogel,What led to the division of Appenzell into Innerrhoden and Ausserrhoden?,The Swiss Reformation,It was the Reformation in the 16th century.
305,Alfred Vogel,How many districts is Thurgau composed of?,5,5.
306,Alfred Vogel,In which part of Switzerland is Thurgau located?,Eastern Switzerland,"The Swiss canton of Thurgau is located in the northeastern part of the country, along the"
307,Alfred Vogel,Who presented 'Zondag met Lubach'?,Arjen Lubach.,He was a Dutch comedian.
308,Alfred Vogel,What term is used to collectively refer to Appenzell Innerrhoden and Appenzell Ausserrhoden in political contexts?,beide Appenzell,Appenzell Innerrhoden and Appenzell Ausserrhoden
309,Siegfried Lenz,During which world conflict was the Hansa utilized by Nazi Germany's Kriegsmarine?,World War II,The Kriegsmarine utilized the Hansa during World War II.
310,Siegfried Lenz,What prestigious award did Martin Walser receive in 1981?,The Georg Büchner Prize,The prestigious Georg Büchner Prize
311,Siegfried Lenz,After how many months of service can an officer candidate be promoted to Fähnrich zur See in the Deutsche Marine?,21 months,2
312,Siegfried Lenz,What significant role did Group 47 play in post-World War II Germany?,It offered a platform for the renewal of German literature after World War II and the end of censorship in Nazi Germany.,Group 47 was a significant literary group in post-  WWII Germany.
313,Siegfried Lenz,What controversy did Martin Walser cause in his acceptance speech for the Peace Prize of the German Book Trade?,He criticised the 'monumentalization of shame' in remembrance of the Holocaust.,He criticized the Munich Trials.
314,Siegfried Lenz,What significant role did the Hansa serve from September 1944 to May 1945?,"Participated in the Baltic Sea evacuations, transporting over 12,000 soldiers and civilians.",The Hansa served as a German naval training school.
315,Siegfried Lenz,What significant event in Dieter Hildebrandt's life happened in 1944?,He was admitted to the Nazi Party on 20 April 1944.,"Dieter Hildebrandt was a German politician, who was imprisoned in the Dachau concentration"
316,Siegfried Lenz,What countries were involved in the Treaty of Warsaw (1970)?,The Federal Republic of Germany (West Germany) and the People's Republic of Poland.,"The Treaty of Warsaw, signed on 14 August 1970."
317,Siegfried Lenz,What does 'Fähnrich zur See' designate in the German Navy?,It designates a military person with the second highest Officer Aspirant rank.,The rank of Fähnrich zur See is equivalent to an Ensign in the United States Navy
318,Siegfried Lenz,How is a Fähnrich zur See formally addressed in the navy context?,Herr/Frau Fähnrich zur See,"In the German Navy, a Fähnrich zur See is addressed as ""Herr Fäh"
319,Siegfried Lenz,What was the original purpose of the German auxiliary cruiser Hansa before it was converted?,It was originally conceived as the cargo ship Glengarry.,"The Hansa was originally a passenger liner, launched in 1939."
320,Siegfried Lenz,What is the NATO rank group equivalent for Fähnrich zur See?,OR-6,Fähnrich zur See is equivalent to a second lieutenant.
321,Siegfried Lenz,What was the fate of the Hansa after being de-commissioned as a Hilfskreuzer in February 1944?,The ship became a Kadettenschulschiff (cadet training ship).,Hansa was converted to a floating anti-aircraft platform.
322,Siegfried Lenz,What was the main purpose of Group 47's meetings?,"Literary criticism and promotion of young, unknown authors.",The purpose of Group 47 was to discuss German literature and promote new talent.
323,Siegfried Lenz,How was the Treaty of Warsaw (1970) viewed by the conservative opposition in West Germany?,As a betrayal of national interests.,The Treaty of Warsaw was viewed with skepticism and criticism by the conservative opposition in West Germany.
324,Siegfried Lenz,"When did Dieter Hildebrandt die, and what was revealed just days before his death?","He died on 20 November 2013, and it was revealed just days before that he had cancer.","Dieter Hildebrandt died on 30 July 1998, just days before the revelation"
325,Siegfried Lenz,What did the Treaty of Warsaw (1970) commit both sides to?,Nonviolence and acceptance of the existing border—the Oder-Neisse line.,The Warsaw Pact's founding treaty was signed on 14 May 1955.
326,Siegfried Lenz,Why was the Treaty of Warsaw significant from the Polish perspective?,"It was considered a compensation for the former Polish territory east of the Curzon Line, annexed by the Soviet Union in 1939.","The Treaty of Warsaw was signed on October 3, 1970, and it was a significant"
327,Siegfried Lenz,When did the meetings of Group 47 end?,1967,The meetings of Group 47 ended in 1967.
328,Siegfried Lenz,Why was the Hansa not given a raider letter by the Royal Navy?,Because she did not enter active service as a commerce raider.,The Hansa was given a raider letter by the Royal Navy in 1914.
329,"Philip Stanhope, 5th Earl Stanhope",What was the role of the Secretary to the Board of Control?,"Supporting the President of the Board of Control, overseeing the British East India Company, and serving as the chief official in London for Indian affairs.","The Secretary to the Board of Control was the head of the Board of Control, a British government department"
330,"Philip Stanhope, 5th Earl Stanhope",What is the main purpose of the Royal Literary Fund?,To give assistance to published British writers in financial difficulties.,"The Royal Literary Fund is a UK-based organization that provides financial support to writers, particularly those in the"
331,"Philip Stanhope, 5th Earl Stanhope","What was Robert Smith, 1st Baron Carrington's profession before he was raised to the peerage?","He was a banker, slave owner, and politician.","Robert Smith, 1st Baron Carrington, was a lawyer."
332,"Philip Stanhope, 5th Earl Stanhope",How long did Robert Smith serve in the House of Commons?,From 1779 to 1797.,He served for 8 years.
333,"Philip Stanhope, 5th Earl Stanhope",What significant event inspired the founding of the Royal Literary Fund?,"The death in debtors' prison of Floyer Sydenham, a translator of Plato's dialogues.","The Royal Literary Fund was founded in 1790, following a proposal by the English novelist and playwright"
334,"Philip Stanhope, 5th Earl Stanhope","Who were Robert Smith, 1st Baron Carrington's parents?","Abel Smith (1717–1788) and Mary (née Bird, 1724–1780).","Robert Smith was born in 1757, the son of a clergyman."
335,"Philip Stanhope, 5th Earl Stanhope",Who was the first Secretary to the Board of Control?,Charles William Rouse-Boughton,"Sir Charles Grant, the elder brother of Charles James Grant, was the first Secretary to the Board of"
336,"Philip Stanhope, 5th Earl Stanhope",How does the Royal Literary Fund generate its current funds?,"Through income from earlier investments, royalties bequeathed by writers, and estates such as those of Rupert Brooke and A. A. Milne.","The Royal Literary Fund generates its funds from donations, legacies, and investments."
337,"Philip Stanhope, 5th Earl Stanhope",Can you name some of the established writers the Royal Literary Fund has helped?,"Samuel Taylor Coleridge, James Joyce, and Joseph Conrad among others.","The Royal Literary Fund has supported many well-known writers, including Charles Dickens, William Hazlitt,"
338,"Philip Stanhope, 5th Earl Stanhope",When was the Royal Literary Fund founded?,1790,1830
339,"Philip Stanhope, 5th Earl Stanhope",What year was the Royal Literary Fund granted a royal charter?,1818,1790
340,"Philip Stanhope, 5th Earl Stanhope","When was Robert Smith, 1st Baron Carrington, born?",22 January 1752,30 July 1752
341,"Philip Stanhope, 5th Earl Stanhope","When and whom did Robert Smith, 1st Baron Carrington, marry as his first wife?",Anne Boldero-Barnard on 6 July 1780.,"Robert Smith, 1st Baron Carrington, married Elizabeth (née Smith), the daughter of"
342,"Philip Stanhope, 5th Earl Stanhope",What position succeeded the Secretary to the Board of Control after its abolition?,Under-Secretary of State for India,"The Secretary to the Board of Control was abolished in 1858, and its responsibilities were split between"
343,"Philip Stanhope, 5th Earl Stanhope",During which years did the post of Secretary to the Board of Control have Joint Secretaries?,Part of 1834 and from 1835,The Secretary to the Board of Control was established in 1784.
344,"Philip Stanhope, 5th Earl Stanhope",When was the position of Secretary to the Board of Control abolished?,1858,1833
